{"0": [0.796875, 0.75, 0.84375, 0.859375, 0.859375, 0.78125, 0.75, 0.859375, 0.84375, 0.78125, 0.8125, 0.859375, 0.890625, 0.8125, 0.84375, 0.765625, 0.859375, 0.734375, 0.859375, 0.84375, 0.84375, 0.78125, 0.734375, 0.734375, 0.78125, 0.828125, 0.796875, 0.890625, 0.8125], "1": [0.515625, 0.515625, 0.484375, 0.46875, 0.65625, 0.515625, 0.59375], "2": [0.515625, 0.53125, 0.53125, 0.4375, 0.640625, 0.5625, 0.5, 0.578125, 0.390625, 0.453125, 0.484375, 0.453125]}