{"0": [0.828125, 0.796875, 0.828125, 0.8359375, 0.8203125, 0.875, 0.8125, 0.8125, 0.8125, 0.7734375, 0.7734375, 0.75, 0.78125, 0.875], "1": [0.4921875, 0.5390625, 0.53125], "2": [0.5234375, 0.5625, 0.4921875, 0.453125, 0.453125, 0.5546875]}