{"0": [0.84375, 0.875, 0.8125, 0.84375, 0.9375, 0.84375, 0.78125, 0.71875, 0.84375, 0.75, 0.78125, 0.9375, 0.90625, 0.8125, 0.71875, 0.6875, 0.84375, 0.78125, 0.6875, 0.8125, 0.6875, 0.75, 0.78125, 0.875, 0.8125, 0.90625, 0.90625, 0.75, 0.6875, 0.8125, 0.875, 0.75, 0.6875, 0.84375, 0.8125, 0.84375, 0.8125, 0.96875, 0.8125, 0.96875, 0.9375, 0.90625, 0.8125, 0.84375, 0.8125, 0.84375, 0.8125, 0.84375, 0.875, 0.6875, 0.71875, 0.78125, 0.78125, 0.78125, 0.875, 0.8125, 0.78125, 0.75], "1": [0.5, 0.59375, 0.59375, 0.59375, 0.46875, 0.46875, 0.4375, 0.59375, 0.5625, 0.53125, 0.5625, 0.28125, 0.53125, 0.6875, 0.46875], "2": [0.53125, 0.59375, 0.375, 0.625, 0.4375, 0.625, 0.375, 0.6875, 0.4375, 0.53125, 0.40625, 0.3125, 0.46875, 0.53125, 0.625, 0.40625, 0.46875, 0.5625, 0.4375, 0.5, 0.5, 0.5625, 0.53125, 0.53125]}