{"1": {"fpr": [0.2652134423251589], "tpr": [0.8588957055214724]}, "2": {"fpr": [0.25190839694656486], "tpr": [0.7085927770859277]}, "4": {"fpr": [0.38877755511022044], "tpr": [0.9013605442176871]}, "8": {"fpr": [0.4911504424778761], "tpr": [0.9764705882352941]}, "16": {"fpr": [0.8055555555555556], "tpr": [0.9887640449438202]}, "32": {"fpr": [0.9807692307692307], "tpr": [1.0]}, "64": {"fpr": [1.0], "tpr": [1.0]}, "128": {"fpr": [1.0], "tpr": [1.0]}}