{"0": [0.3590989410877228, 0.7851805090904236, 1.4406592845916748, 0.04665050655603409, 1.7245084047317505, 0.016777856275439262, 0.00020802246581297368, 0.7775045037269592, 0.006881086155772209, 0.001747839734889567, 0.4296394884586334, 2.313886880874634, 0.006382375489920378, 0.011609943583607674, 0.10865213721990585, 0.7456088066101074, 0.0009795102523639798, 0.0001745258050505072, 2.1085572242736816, 9.878791752271354e-05, 0.00012860455899499357, 0.10915340483188629, 1.5698456764221191, 0.005283344071358442, 2.7528185455594212e-05, 0.00012522260658442974, 1.744420051574707, 1.806192631192971e-05, 3.569555337890051e-05], "1": [0.3824385404586792, 1.0766628980636597, 1.7340162992477417, 1.2899456024169922, 0.0009778804378584027, 0.7419314980506897, 0.6758531332015991], "2": [0.25688421726226807, 0.6282410621643066, 0.2657570242881775, 2.0621957778930664, 1.4605580568313599, 0.8344529867172241, 0.07003099471330643, 0.06319285184144974, 1.479905128479004, 0.8588515520095825, 2.218339443206787, 0.05452713742852211]}