{"0": [0.6893966197967529, 0.6818861961364746, 5.011241910324316e-07, 1.4445316791534424, 0.014391420409083366, 0.0020879849325865507, 5.1552244258346036e-05, 0.019403668120503426, 1.2077885003236588e-05, 0.3702387809753418, 1.9488672018051147, 1.463381238409056e-07, 0.06758551299571991, 0.7316229939460754, 2.034262180328369, 0.7740545272827148, 1.4777976274490356, 0.0001711514196358621, 9.092280379263684e-06, 0.15451845526695251, 0.5476362109184265, 0.0003541882906574756, 1.591509461402893, 0.49530017375946045, 0.4049595594406128, 0.7456088066101074, 1.164996862411499, 0.7043089270591736, 0.00029445061227306724, 0.006109270267188549, 0.0038681786973029375, 0.9124160408973694, 1.0927879810333252, 0.1818857192993164, 0.02484002150595188, 2.159700393676758, 0.0006349982577376068, 0.5817045569419861, 0.09521699696779251, 0.48256510496139526, 0.00030173297272995114, 0.4048435389995575, 0.04783241078257561, 0.0006096549332141876, 0.18264399468898773, 0.011744502000510693, 0.007919110357761383, 0.00048315763706341386, 0.06390468776226044, 1.452019453048706, 0.9358006715774536, 0.00013611359463538975, 0.010961223393678665, 0.09495177119970322, 9.480211156187579e-05, 0.0006330784526653588, 0.002013293094933033, 1.1946093536607805e-06], "1": [1.9834966659545898, 0.3245804011821747, 2.4611077308654785, 1.3771172761917114, 1.417217493057251, 1.6882867813110352, 0.010377828031778336, 0.418857604265213, 0.03392951563000679, 2.070554733276367, 0.032492365688085556, 0.6174359917640686, 0.7515742182731628, 0.02399986796081066, 1.080291986465454], "2": [1.166500210762024, 0.2102862298488617, 0.19081372022628784, 0.0503336563706398, 0.12350942939519882, 1.094179391860962, 0.6656646132469177, 1.9432480335235596, 1.1771087646484375, 0.7619508504867554, 0.0313556045293808, 1.7623100280761719, 1.222245216369629, 0.8278493881225586, 0.22626186907291412, 1.3915010690689087, 0.7316316366195679, 0.18200063705444336, 0.9082310199737549, 0.25295472145080566, 0.7831442356109619, 0.13207592070102692, 0.5194999575614929, 0.01263434998691082]}