{"0": [1.4060990810394287, 0.5719558596611023, 1.2157273292541504, 1.2218953371047974, 0.00027751311426982284, 0.18620148301124573, 1.0292246341705322, 0.14127197861671448, 0.0011727054370567203, 0.0020879849325865507, 1.2061973810195923, 0.851469874382019, 1.2853840589523315, 0.00027957416023127735], "1": [0.4305667579174042, 0.7487927079200745, 0.9204062223434448], "2": [0.006503930315375328, 1.3196932077407837, 1.5477685928344727, 1.0183483362197876, 0.07690203934907913, 1.9695966243743896]}