{"1": 157.09859678200033, "2": 149.28681109299805, "4": 151.39013513199893, "8": 152.0458355149999, "16": 158.74294595800052, "32": 167.96233792800012, "64": 171.99767542500103, "128": 188.97671220599932}