{"0": [0.96875, 0.984375, 1.0], "1": [0.328125, 0.484375, 0.390625, 0.453125, 0.453125, 0.40625, 0.484375, 0.453125, 0.40625, 0.515625, 0.5625, 0.375, 0.4375, 0.515625, 0.421875, 0.375, 0.328125, 0.546875, 0.515625, 0.484375, 0.421875, 0.53125, 0.53125, 0.46875, 0.3125, 0.3125, 0.5, 0.34375, 0.5, 0.53125, 0.421875, 0.5, 0.328125, 0.328125, 0.390625, 0.4375, 0.546875, 0.390625, 0.390625, 0.390625, 0.375, 0.4375, 0.5, 0.515625], "2": [0.875, 0.953125, 0.953125, 0.9375, 0.953125, 0.921875, 0.96875, 0.890625, 0.890625, 0.859375, 0.96875, 0.90625]}