{"0": [0.9921875], "1": [0.4296875, 0.484375, 0.4765625, 0.453125, 0.46875, 0.3671875, 0.4375, 0.40625, 0.34375, 0.359375, 0.4921875, 0.484375, 0.4453125, 0.4375, 0.5234375, 0.4375, 0.3984375, 0.4609375, 0.40625, 0.46875, 0.46875, 0.4296875], "2": [0.9296875, 0.9375, 0.8984375, 0.9296875, 0.8984375, 0.9453125]}