{"0": [1.0, 1.0, 1.0, 1.0, 0.9375, 0.96875], "1": [0.46875, 0.46875, 0.53125, 0.65625, 0.5, 0.5, 0.34375, 0.4375, 0.34375, 0.375, 0.34375, 0.40625, 0.3125, 0.5625, 0.375, 0.46875, 0.5625, 0.53125, 0.65625, 0.40625, 0.4375, 0.46875, 0.25, 0.5, 0.46875, 0.5625, 0.40625, 0.53125, 0.375, 0.40625, 0.34375, 0.4375, 0.40625, 0.5, 0.4375, 0.59375, 0.40625, 0.4375, 0.4375, 0.40625, 0.5, 0.34375, 0.21875, 0.4375, 0.3125, 0.34375, 0.46875, 0.4375, 0.53125, 0.4375, 0.34375, 0.59375, 0.34375, 0.375, 0.53125, 0.4375, 0.375, 0.40625, 0.46875, 0.25, 0.46875, 0.46875, 0.53125, 0.34375, 0.53125, 0.5, 0.34375, 0.375, 0.53125, 0.46875, 0.3125, 0.5, 0.3125, 0.625, 0.40625, 0.40625, 0.5625, 0.46875, 0.5, 0.46875, 0.4375, 0.28125, 0.46875, 0.5625, 0.3125, 0.5, 0.4375, 0.34375], "2": [0.96875, 0.875, 0.9375, 0.90625, 0.9375, 0.9375, 0.9375, 0.9375, 0.9375, 0.875, 0.9375, 0.8125, 0.875, 0.96875, 0.9375, 0.90625, 0.96875, 0.9375, 0.875, 0.90625, 1.0, 0.9375, 0.96875, 0.9375]}