{"1": {"fpr": [0.6206099815157117], "tpr": [0.9975624619134674]}, "2": {"fpr": [0.6883116883116883], "tpr": [0.9536423841059603]}, "4": {"fpr": [0.8063063063063063], "tpr": [0.9876373626373627]}, "8": {"fpr": [0.8857142857142857], "tpr": [0.9950617283950617]}, "16": {"fpr": [0.975609756097561], "tpr": [1.0]}, "32": {"fpr": [1.0], "tpr": [1.0]}, "64": {"fpr": [1.0], "tpr": [1.0]}, "128": {"fpr": [1.0], "tpr": [1.0]}}