{"0": [0.18043451011180878, 0.44270092248916626, 0.013044915162026882, 0.6548574566841125, 0.3315773606300354, 0.043661441653966904], "1": [0.8810954689979553, 0.5626638531684875, 2.2970571517944336, 0.5973544120788574, 1.43696129322052, 0.3850603699684143, 1.6742643117904663, 2.9547340869903564, 0.003059534588828683, 1.9485774040222168, 2.2748026847839355, 0.37065598368644714, 2.752561092376709, 2.2762629985809326, 2.2582364082336426, 3.0543229579925537, 2.2028441429138184, 1.4912550449371338, 0.5879964232444763, 1.5198945999145508, 2.4373433589935303, 0.3208021819591522, 0.18215179443359375, 1.9630638360977173, 2.5143303871154785, 0.23424644768238068, 2.391969680786133, 0.0984046533703804, 1.5831682682037354, 0.530764102935791, 1.9857232570648193, 0.45048248767852783, 2.1644845008850098, 2.437281847000122, 2.7174859046936035, 2.105405569076538, 1.0870919227600098, 1.7336499691009521, 1.7694472074508667, 2.1789846420288086, 0.22323334217071533, 2.190014600753784, 0.1676708459854126, 2.0098729133605957, 2.7713255882263184, 1.2254774570465088, 1.1305711269378662, 2.5833120346069336, 2.517439365386963, 1.1279515027999878, 0.0049521904438734055, 1.1068181991577148, 2.178748369216919, 0.20848055183887482, 2.641847610473633, 1.9171168804168701, 2.1353566646575928, 1.0160799026489258, 1.1964061260223389, 2.2253496646881104, 0.8469458222389221, 1.5792454481124878, 2.348033905029297, 1.9291366338729858, 1.5456805229187012, 2.6939034461975098, 0.12557338178157806, 2.5901589393615723, 0.7068672776222229, 0.8218019604682922, 1.4985311031341553, 0.8405235409736633, 0.011848628520965576, 0.24284526705741882, 2.2159459590911865, 0.8318474888801575, 1.1850471496582031, 0.8247819542884827, 0.5540807843208313, 2.349565267562866, 2.1965558528900146, 0.7469936013221741, 1.323323130607605, 1.6499420404434204, 0.7001515030860901, 0.6376694440841675, 0.007950324565172195, 0.3094753623008728], "2": [0.24082854390144348, 0.08392491936683655, 0.6299734115600586, 0.01490693911910057, 1.3237160444259644, 0.11529180407524109, 0.17268505692481995, 0.1660138964653015, 0.5340275764465332, 1.9186638593673706, 0.24726498126983643, 0.28486332297325134, 0.16854089498519897, 0.015940789133310318, 0.02507009357213974, 0.033750467002391815, 0.958688497543335, 0.19457083940505981, 0.13451001048088074, 0.1667211651802063, 0.054837193340063095, 0.35641607642173767, 1.1818528175354004, 1.557262897491455]}