{"0": [0.4164596498012543, 0.010635637678205967, 0.27052393555641174, 0.013044915162026882, 0.0010702114086598158, 0.9678918719291687, 0.04866954684257507, 1.709912896156311, 1.3856159448623657, 1.5693936347961426, 0.1317392736673355, 0.01226053386926651, 0.0023980801925063133, 0.32357120513916016, 0.0013569867005571723, 0.34617599844932556, 1.6921707391738892, 0.10587708652019501, 0.07103840261697769, 0.004784184042364359, 0.4187776446342468, 0.004569011274725199, 0.010774839669466019, 0.007900127209722996, 0.002220075810328126, 0.007947113364934921, 0.2124047577381134, 0.031118223443627357, 0.009336911141872406, 0.06163161247968674, 0.005947164259850979, 0.02447393909096718, 0.3052588999271393, 0.0514918714761734, 0.10833223909139633, 0.05944611877202988, 0.0021747767459601164, 0.01429874449968338, 0.028444137424230576, 0.4050552248954773, 0.002057779347524047, 0.010647052899003029, 0.008734357543289661, 0.000566398142836988, 0.4167494475841522, 0.6548574566841125, 0.027149923145771027, 0.009529952891170979], "1": [0.2323589026927948, 0.07330957055091858, 1.4310684204101562, 2.439344644546509, 0.1108216866850853, 1.5648828744888306, 3.001460075378418, 0.7100477814674377, 1.4026224613189697, 2.2414822578430176, 0.6598548889160156, 1.0093963146209717, 2.57450795173645, 1.4101476669311523, 2.11281156539917, 1.2271069288253784, 1.7248826026916504, 2.7876052856445312, 0.7018046975135803, 0.6172294020652771, 1.2053738832473755, 1.5733327865600586, 1.0392829179763794, 1.665056586265564, 2.2367665767669678, 2.177156686782837, 1.6428945064544678, 1.3774476051330566, 1.5657286643981934, 2.3131415843963623, 0.4663921892642975, 0.8028626441955566, 1.1816617250442505, 1.7085533142089844, 0.2755029499530792, 1.789121150970459, 2.463003635406494, 2.5251080989837646, 2.4863970279693604, 2.5855135917663574, 2.181993007659912, 1.8212562799453735, 2.418433666229248, 2.5558650493621826, 1.531342625617981, 1.9274333715438843, 2.2131590843200684, 0.0482504740357399, 0.32844799757003784, 0.2863820195198059, 1.7502537965774536, 2.8134870529174805, 1.8200819492340088, 1.6545490026474, 1.257865071296692, 0.048165082931518555, 2.9137680530548096, 2.5551071166992188, 2.1414380073547363, 1.1796486377716064, 1.6303051710128784, 0.5201855897903442, 0.7844472527503967, 0.03385869786143303, 1.6687086820602417, 2.561099052429199, 1.7029082775115967, 1.8645341396331787, 1.8940449953079224, 1.3042231798171997, 2.5501086711883545, 2.038257598876953, 1.082715630531311, 0.6233387589454651, 0.7861640453338623, 1.0335255861282349, 1.3000284433364868, 1.3436431884765625, 0.9260644912719727, 2.3626949787139893, 2.171488046646118, 0.21002958714962006, 2.3808209896087646, 2.5932512283325195, 2.035146713256836, 0.9687366485595703, 2.420257806777954, 2.1529242992401123, 2.054841995239258, 1.5252419710159302, 2.757598876953125, 2.6555325984954834, 2.562756061553955, 0.0458267442882061, 0.0782298818230629, 2.2806801795959473, 2.0553858280181885, 2.2430009841918945, 2.097499132156372, 0.5706265568733215, 0.6759445667266846, 0.00502173462882638, 2.302549362182617, 0.07874708622694016, 2.641847610473633, 0.0037978137843310833, 0.004841553047299385, 2.5360846519470215, 0.5107318162918091, 0.7074099779129028, 0.03298244625329971, 1.5286667346954346, 0.6845213174819946, 1.8697998523712158, 2.4532601833343506, 1.364296555519104, 2.522691011428833, 2.2545816898345947, 1.8808348178863525, 2.0916953086853027, 1.4587657451629639, 1.1471288204193115, 2.337167739868164, 0.6204068064689636, 0.40403446555137634, 0.8218019604682922, 0.17292137444019318, 1.6361849308013916, 1.6528050899505615, 0.510373592376709, 0.008034021593630314, 2.5660006999969482, 2.8689122200012207, 2.345604181289673, 2.3895883560180664, 1.3399453163146973, 0.941124677658081, 1.1470777988433838, 1.788346529006958, 0.8108938336372375, 1.688431739807129, 2.4542653560638428, 1.610675573348999, 2.181239604949951, 1.7137081623077393, 2.3599889278411865, 2.188047170639038, 2.590911865234375, 0.5007479786872864, 2.801359176635742, 1.576906681060791, 0.03247873857617378, 1.8200057744979858, 0.05741501599550247, 2.378100872039795, 1.839434266090393, 1.9291366338729858, 0.5992327332496643, 2.524294137954712, 2.5968635082244873, 2.641847610473633, 0.050204839557409286, 0.6816982626914978, 2.3533260822296143, 1.5918468236923218, 0.002754372777417302, 0.0021937224082648754, 1.9468941688537598, 0.7932537198066711, 0.9585439562797546, 1.5703580379486084, 1.6794599294662476, 2.9303858280181885, 0.0023699714802205563, 2.1679182052612305, 2.7068846225738525, 1.3979039192199707, 2.581510305404663, 2.2601380348205566, 1.2830134630203247, 0.3394806981086731, 1.2401779890060425, 2.0888419151306152, 1.8511179685592651, 0.6945925951004028, 2.641500234603882, 2.5660006999969482, 2.9624788761138916, 1.621771216392517, 2.6853935718536377, 0.192191943526268, 2.180349826812744, 1.9983646869659424, 0.8343788385391235, 0.45065635442733765, 0.9852108955383301, 2.0749261379241943, 2.4373433589935303, 0.19602902233600616, 2.61845064163208, 2.4948978424072266, 1.3143768310546875, 1.9453157186508179, 2.5379655361175537, 1.6186031103134155, 0.02707500569522381, 1.6705762147903442, 2.592245101928711, 1.0993448495864868, 2.6794614791870117, 0.07593385130167007, 2.0274953842163086, 1.6825023889541626, 2.0032267570495605, 1.234143614768982, 0.042405128479003906, 0.12056228518486023, 2.493306875228882, 2.2822272777557373, 2.54944109916687, 2.1644845008850098, 0.44025638699531555, 1.9850443601608276, 0.07737322896718979, 2.6352195739746094, 1.235029697418213, 0.5169341564178467, 2.136730909347534, 2.3286845684051514, 2.923360586166382, 0.5820645689964294, 1.5405657291412354, 2.2238738536834717, 2.390159845352173, 1.3468378782272339, 2.9833288192749023, 1.7119477987289429, 0.5749050378799438, 2.869495153427124, 2.632866144180298, 2.6153275966644287, 1.9301562309265137, 2.3021974563598633, 0.34346306324005127, 2.5288045406341553, 0.7131010890007019, 2.7892704010009766, 1.7513457536697388, 1.8813667297363281, 2.568535566329956, 2.124321699142456, 1.5324089527130127, 2.4410579204559326, 1.0537585020065308, 0.8173149824142456, 0.6571027636528015, 0.22377419471740723, 2.2046592235565186, 1.8455675840377808, 0.30174341797828674, 0.36756497621536255, 1.9750663042068481, 1.5792454481124878, 2.3889384269714355, 2.1491146087646484, 2.7493536472320557, 1.2232578992843628, 2.687342643737793, 1.957827091217041, 0.998046875, 1.8291740417480469, 0.2531735301017761, 2.0643727779388428, 0.862883448600769, 2.0332579612731934, 2.484067678451538, 1.6932851076126099, 1.6815787553787231, 1.5319212675094604, 2.174873113632202, 2.610966205596924, 1.104209303855896, 1.745951533317566, 2.521819829940796, 1.4636154174804688, 1.2834835052490234, 2.823228359222412, 0.7166750431060791, 1.7260212898254395, 0.4080522954463959, 1.3828251361846924, 2.1679182052612305, 2.44563627243042, 1.2251288890838623, 0.9321492910385132, 0.4251416027545929, 2.671975612640381, 2.902766466140747, 2.2122561931610107, 2.2818031311035156, 0.7847020030021667, 0.5712592601776123, 1.5878257751464844, 2.598039388656616, 0.6691322922706604, 1.6154826879501343, 0.10482504963874817, 2.571138620376587, 1.4434412717819214, 1.5621918439865112, 2.4556212425231934, 2.2159454822540283, 1.5831410884857178, 0.07562270760536194, 1.9867832660675049, 0.3602844476699829, 1.3875277042388916, 0.4538698196411133, 2.681051254272461, 0.8996798992156982, 1.4488348960876465, 0.7106772661209106, 2.3845021724700928, 1.4782145023345947, 0.7292962074279785, 1.2119734287261963, 1.3265055418014526, 1.5850849151611328, 1.0366259813308716, 1.7422963380813599, 2.32781982421875, 1.5104029178619385, 2.2762629985809326, 1.9304801225662231, 1.421055793762207, 2.5143303871154785, 0.14131034910678864, 2.9567623138427734, 2.4201812744140625, 0.18176564574241638, 1.3152680397033691, 2.457719564437866, 1.1077394485473633, 0.5599664449691772, 0.2832375764846802, 1.3826864957809448, 2.3456130027770996, 1.0747408866882324, 1.2120877504348755, 1.5868273973464966, 