{"0": [0.34854280948638916, 0.0007946877740323544, 0.10971983522176743], "1": [0.23485349118709564, 0.0053803143091499805, 2.4197916984558105, 3.0594255924224854, 0.04045021906495094, 2.5288045406341553, 0.012475697323679924, 1.9936484098434448, 1.3873494863510132, 1.4529205560684204, 0.9271702170372009, 2.5714190006256104, 1.3548036813735962, 2.003476858139038, 1.3741843700408936, 2.9624788761138916, 0.048243992030620575, 0.2616065442562103, 0.9904807806015015, 0.8405235409736633, 1.8398677110671997, 0.015096882358193398, 0.16225633025169373, 0.358091801404953, 2.426708221435547, 2.1724298000335693, 1.142043113708496, 2.3490796089172363, 2.402055025100708, 2.51396107673645, 1.2463886737823486, 0.5115565657615662, 2.9888837337493896, 2.054426670074463, 0.7185044884681702, 2.302549362182617, 0.43009746074676514, 1.9650249481201172, 1.0993448495864868, 2.769070863723755, 0.06663326919078827, 1.997549295425415, 2.2046592235565186, 0.11807414889335632], "2": [0.10682925581932068, 0.013784554786980152, 0.10886368155479431, 0.16593487560749054, 0.12362241744995117, 0.5299772024154663, 0.09060454368591309, 0.5327343344688416, 1.5152060985565186, 1.5580217838287354, 0.01668817363679409, 0.7467322945594788]}