{"0": [0.2276182323694229, 0.02361418306827545, 1.3856159448623657, 0.4343700110912323, 0.19657158851623535, 0.012245774269104004, 0.004569011274725199, 0.10495267808437347, 0.15561090409755707, 0.06702152639627457, 0.015520557761192322, 0.029152991250157356, 0.004216531757265329, 0.9080676436424255, 0.020992159843444824, 0.009336911141872406, 0.01175509113818407, 0.4187776446342468, 0.01286112330853939, 0.007172738667577505, 0.19029934704303741, 1.709912896156311, 0.026956399902701378, 0.01226053386926651], "1": [2.174873113632202, 1.946250319480896, 1.7015870809555054, 2.1491146087646484, 0.0037582290824502707, 2.5722289085388184, 1.9898501634597778, 2.476661443710327, 2.1387526988983154, 0.03247873857617378, 1.4446406364440918, 2.9408247470855713, 2.60117506980896, 2.292144775390625, 2.5670835971832275, 1.2233219146728516, 2.5764613151550293, 1.8398677110671997, 0.721057116985321, 1.0160799026489258, 0.17290502786636353, 1.6784908771514893, 2.229785680770874, 0.8498586416244507, 0.2354063093662262, 1.0674420595169067, 0.14562217891216278, 1.0921686887741089, 0.0458267442882061, 2.3225231170654297, 1.4169412851333618, 2.201861619949341, 1.0993448495864868, 1.275789737701416, 2.5166800022125244, 0.3873177170753479, 0.9052565097808838, 0.17549970746040344, 0.8610180020332336, 2.0208215713500977, 0.04079228267073631, 0.022762667387723923, 1.5464372634887695, 1.90109121799469, 0.1676708459854126, 1.844140887260437, 0.990334153175354, 0.2958011329174042, 1.5440380573272705, 2.920427083969116, 2.644221067428589, 2.7697410583496094, 0.6017420291900635, 1.3914744853973389, 2.9630277156829834, 2.641847610473633, 1.5921422243118286, 0.6536739468574524, 1.776459813117981, 1.7536770105361938, 0.9094271659851074, 1.2768887281417847, 1.8630088567733765, 0.21002958714962006, 0.9399652481079102, 0.510373592376709, 2.0274953842163086, 2.5833120346069336, 1.0312002897262573, 2.4199094772338867, 0.09680072963237762, 3.1063313484191895, 0.3233104348182678, 1.1068181991577148, 0.8657906651496887, 1.2251288890838623, 1.0818841457366943, 1.5198945999145508, 0.11832781881093979, 2.2570950984954834, 1.5810809135437012, 2.540950059890747, 2.2259280681610107, 1.5704783201217651, 2.1744792461395264, 0.12403909116983414, 0.9128804802894592, 0.05123301222920418, 2.4840893745422363, 2.680915117263794, 0.015096882358193398, 1.9592289924621582, 2.2942745685577393, 0.6215392351150513, 2.2971549034118652, 0.2994888126850128, 2.426708221435547, 1.7199360132217407, 2.378100872039795, 3.0641064643859863, 1.5643997192382812, 1.6068522930145264, 1.5733327865600586, 1.8603684902191162, 1.2683050632476807, 1.776243805885315, 1.7772141695022583, 0.5696256160736084, 0.04172316566109657, 2.389132261276245, 1.4002491235733032, 1.8174772262573242, 1.9171168804168701, 1.1378636360168457, 0.08979912847280502, 0.43256959319114685, 1.8291740417480469, 1.4948281049728394, 1.9911161661148071, 2.7806313037872314, 1.8444126844406128, 1.665056586265564, 0.939786970615387, 2.1297073364257812, 2.7493536472320557, 2.488394021987915, 1.7513365745544434, 0.26742175221443176, 2.0101354122161865, 2.054426670074463, 2.191864252090454, 1.976659893989563, 2.1249704360961914, 2.751291275024414, 1.5456805229187012, 1.7943682670593262, 2.247243881225586, 2.6709439754486084, 2.4263839721679688, 0.9629092812538147, 0.06503085047006607, 0.7827750444412231, 1.4587657451629639, 0.2253728061914444, 1.6545490026474, 2.725722551345825, 3.0222887992858887, 1.4560089111328125, 2.7068846225738525, 0.19637832045555115, 1.739064335823059, 2.490446090698242, 2.3889384269714355, 2.763263463973999, 0.003059534588828683, 0.6744087934494019, 0.24496737122535706, 0.4146294593811035, 1.5648828744888306, 0.46914276480674744, 1.4582756757736206, 0.7548940181732178, 0.380178302526474, 0.5594077706336975, 2.336942672729492, 1.184873104095459, 2.757598876953125, 2.5305957794189453, 0.1640864759683609, 1.5997917652130127, 0.28056958317756653, 1.045343041419983, 1.302144169807434, 1.6743743419647217, 1.3265055418014526, 0.47310879826545715, 2.4410436153411865, 1.4892263412475586, 0.24432504177093506, 1.4361827373504639, 2.1144611835479736, 2.515481472015381, 1.2336440086364746, 1.2401779890060425, 0.1300806999206543, 2.571138620376587, 1.7344722747802734, 1.4194072484970093, 2.6354763507843018, 0.4630802273750305, 0.004971456713974476, 1.0545014142990112, 0.5706265568733215, 2.4737744331359863, 2.363452434539795, 2.1998050212860107, 0.7151641249656677, 0.8989437818527222, 2.096205472946167, 0.0246728528290987, 2.7981765270233154, 1.2215732336044312, 3.033475875854492, 2.0098729133605957, 2.2967209815979004, 0.15306243300437927, 0.34346306324005127, 1.8225414752960205, 0.04360952228307724, 1.3212050199508667, 1.6919084787368774, 0.18336857855319977, 2.436964511871338, 1.4912550449371338, 2.5657968521118164, 0.7354446649551392, 2.05790638923645, 1.4004631042480469, 0.35365039110183716, 0.050204839557409286, 2.849005937576294, 1.9492099285125732, 1.7812387943267822, 0.6418116092681885, 1.5871083736419678, 2.4566361904144287, 1.736458659172058, 0.03749900683760643, 2.3489158153533936, 1.6384299993515015, 2.6211085319519043, 0.5626638531684875, 1.1212515830993652, 0.6308746933937073, 2.349565267562866, 2.0046236515045166, 0.11012014746665955, 1.5582070350646973, 1.765666127204895, 1.1867409944534302, 1.80238676071167, 2.0408711433410645, 1.7251390218734741, 1.9318004846572876, 0.04378988966345787, 1.133958339691162, 3.028249979019165, 1.4488348960876465, 0.4487815201282501, 2.4623260498046875, 1.5777897834777832, 0.5768356323242188, 0.5540807843208313, 2.033759832382202, 2.522691011428833, 2.1724298000335693, 0.7018046975135803, 2.4538612365722656, 0.40039199590682983, 0.34079059958457947, 2.659424066543579, 0.602838397026062, 2.4840893745422363, 2.8991353511810303, 2.1697773933410645, 0.5009425282478333, 0.35637980699539185, 2.0742104053497314, 0.025819329544901848, 2.975576877593994, 2.4194157123565674, 1.234143614768982, 1.803696632385254, 0.29482921957969666, 0.862883448600769, 2.3490796089172363, 2.9567623138427734, 0.9231356382369995, 1.3532681465148926, 2.7117536067962646, 2.0032267570495605, 0.05420779436826706, 2.3648180961608887, 1.5899368524551392, 0.14416822791099548, 1.7279722690582275, 0.5992327332496643, 1.3396261930465698, 0.8204761743545532, 1.745951533317566, 3.0604288578033447, 1.4101476669311523, 0.7726960182189941, 1.4369665384292603, 2.93715500831604, 0.5879964232444763, 0.1496051400899887, 2.7713255882263184, 0.6341450214385986, 1.5339858531951904, 1.8212562799453735, 2.1134352684020996, 0.5148406624794006, 1.1785377264022827, 2.2538540363311768, 0.7074099779129028, 0.9314186573028564, 2.2591004371643066, 0.44496941566467285, 0.4797826409339905, 1.5405657291412354, 1.103562831878662, 1.3799076080322266, 0.17484603822231293, 0.6598548889160156, 1.157519817352295, 2.846865653991699, 0.1725424826145172, 0.1718885451555252, 2.067415237426758, 2.4407150745391846, 2.1385483741760254, 1.0655643939971924, 0.4251416027545929, 2.396862506866455, 1.6815787553787231, 2.4410579204559326, 2.0437726974487305, 2.641847610473633, 1.9247939586639404, 0.10511337220668793, 2.1381728649139404, 1.0093963146209717, 0.9630102515220642, 2.5251080989837646, 1.5252419710159302, 0.16485822200775146, 1.889185905456543, 2.124321699142456, 0.047285936772823334, 0.5385951995849609, 1.6186031103134155, 0.21788273751735687, 2.2582364082336426, 2.404733180999756, 1.43696129322052, 2.457719564437866, 0.0925285667181015, 1.114663004875183, 0.5857906937599182, 2.1692147254943848, 0.24284526705741882],