{"0": [0.013044915162026882], "1": [2.5855135917663574, 0.9786940813064575, 1.0414891242980957, 0.29617804288864136, 1.7812387943267822, 2.0698506832122803, 1.234143614768982, 1.4587657451629639, 0.01769782043993473, 1.1827934980392456, 0.8195140361785889, 1.4185495376586914, 2.355386734008789, 1.7131328582763672, 1.1734164953231812, 1.5514216423034668, 1.9484611749649048, 1.322769284248352, 3.160885810852051, 1.6204057931900024, 1.4109290838241577, 1.2732160091400146], "2": [1.1573139429092407, 0.11230182647705078, 0.030293043702840805, 0.004906368907541037, 0.10801339894533157, 0.014143338426947594]}