{"0": [0.027798546478152275, 0.010635637678205967, 0.4167494475841522, 0.013506312854588032, 0.009529952891170979, 0.029067441821098328, 0.2124047577381134, 0.2521514296531677, 0.1317392736673355, 0.07345015555620193, 0.027149923145771027, 0.19029934704303741], "1": [0.9302513003349304, 2.04146671295166, 0.3233104348182678, 2.2195725440979004, 0.5599664449691772, 1.3618347644805908, 1.0343860387802124, 0.7932537198066711, 1.3184609413146973, 2.5191586017608643, 1.7878868579864502, 0.41866588592529297, 0.9052565097808838, 1.5899368524551392, 0.6684116721153259, 2.420257806777954, 0.380178302526474, 2.857043981552124, 2.6265316009521484, 2.579366683959961, 0.5820645689964294, 0.5148406624794006, 1.3083525896072388, 1.1175533533096313, 1.4739733934402466, 2.606387138366699, 0.4964008033275604, 0.5626638531684875, 0.9829745292663574, 1.5216662883758545, 2.3714842796325684, 0.03242199867963791, 1.8883411884307861, 0.44496941566467285, 1.8146865367889404, 2.7557339668273926, 0.6159132719039917, 2.3839330673217773, 0.01348405797034502, 1.8580402135849, 2.577988386154175, 1.317777156829834, 2.703200578689575, 1.5396924018859863, 1.763195514678955, 2.0091941356658936, 2.3889384269714355, 2.986750364303589, 1.7417576313018799, 2.2200942039489746, 2.6157233715057373, 2.6555325984954834, 2.5897231101989746, 2.57450795173645, 0.5768356323242188, 1.0028338432312012, 1.448410987854004, 1.951818823814392, 0.941124677658081, 2.2092409133911133, 1.5925259590148926, 0.5107318162918091, 2.7518301010131836, 2.5211105346679688, 2.324887752532959, 2.5577282905578613, 0.3094753623008728, 1.4470210075378418, 1.1305711269378662, 1.4295443296432495, 2.336942672729492, 2.2773995399475098, 2.3599634170532227, 2.7988948822021484, 0.3406795859336853, 0.9908148646354675, 1.2822120189666748, 0.990334153175354, 1.5225491523742676, 0.7354446649551392, 2.6744189262390137, 2.5968635082244873, 0.6866195797920227, 2.33577036857605, 1.0537585020065308, 0.1603580266237259, 1.4002491235733032, 1.739064335823059, 2.0618367195129395, 0.1352563053369522, 1.5648828744888306, 2.4766604900360107, 0.0037582290824502707, 1.5871083736419678, 0.6123451590538025, 2.44563627243042, 1.6705762147903442, 2.8496077060699463, 2.521819829940796, 2.337141275405884, 1.9529849290847778, 2.968026638031006, 0.6395915150642395, 2.726992130279541, 1.0209282636642456, 1.5755493640899658, 0.7548940181732178, 1.4488348960876465, 0.9904807806015015, 1.435589075088501, 2.5788965225219727, 2.4840893745422363, 2.553375482559204, 1.874632477760315, 0.2809714078903198, 0.8852190375328064, 1.3867887258529663, 2.817514419555664, 1.7772141695022583, 2.1141531467437744, 2.171393871307373, 2.5676076412200928, 1.5557360649108887, 2.9408247470855713, 2.1141531467437744, 0.2253728061914444, 0.21777331829071045, 1.0605828762054443, 3.0060102939605713, 2.038949489593506, 2.830204486846924, 0.7292962074279785, 2.33441424369812, 1.788346529006958, 0.5813936591148376, 2.1134352684020996, 2.5158917903900146, 1.0664361715316772, 2.3705101013183594, 1.7974799871444702, 2.1853795051574707, 0.9925884008407593, 1.7137081623077393, 1.8200819492340088, 1.402914047241211, 2.019930601119995, 1.830599069595337, 2.4532601833343506, 2.9271466732025146, 0.6308746933937073, 2.7011654376983643, 1.0742607116699219, 1.6068522930145264, 2.1368227005004883, 1.7812387943267822, 1.9484611749649048, 0.13035307824611664, 0.6816982626914978, 1.5324089527130127, 2.769601345062256, 2.1823837757110596, 2.5855495929718018, 1.9291366338729858, 0.4358968734741211, 0.0020348180551081896, 0.0029370503034442663, 2.6079492568969727, 2.3501198291778564, 2.7182257175445557, 0.9416705369949341, 1.692290186882019, 0.03588986396789551, 0.32986512780189514, 1.3774527311325073, 0.8969660401344299, 2.4682960510253906], "2": [0.14869478344917297, 1.3119432926177979, 0.043264783918857574, 0.8699390888214111, 0.7467322945594788, 0.1726146936416626, 0.20317807793617249, 0.25165534019470215, 1.8244082927703857, 0.1484503149986267, 0.03484957292675972, 0.2805250287055969, 0.842592716217041, 2.4008023738861084, 0.9985821843147278, 0.07518977671861649, 0.2579244375228882, 0.044932011514902115, 0.02610771544277668, 0.4702095091342926, 0.5327343344688416, 0.036284249275922775, 1.7283705472946167, 0.12495587766170502, 0.5468806624412537, 0.28666210174560547, 0.9051358103752136, 0.08107109367847443, 0.24909712374210358, 0.7730434536933899, 0.07134373486042023, 0.14170044660568237, 0.08399251103401184, 0.00645182840526104, 0.9148839116096497, 0.16208086907863617, 0.14641834795475006, 0.028679899871349335, 0.025655187666416168, 0.2920551598072052, 1.3294470310211182, 0.5857225656509399, 0.03954014554619789, 2.134650707244873, 1.0731874704360962, 1.118479609489441, 0.030293043702840805, 1.9372295141220093, 0.3371009826660156]}