{"1": 134.36069136799918, "2": 156.89988408600055, "4": 158.41801609200002, "8": 146.28648693900107, "16": 151.86775545799946, "32": 164.90396055000065, "64": 182.10028694499977, "128": 213.82800016499982}