{"0": [0.953125, 1.0, 0.984375], "1": [0.453125, 0.46875, 0.5, 0.5, 0.5, 0.359375, 0.515625, 0.390625, 0.484375, 0.46875, 0.5, 0.421875, 0.53125, 0.5625, 0.46875, 0.546875, 0.4375, 0.40625, 0.5, 0.484375, 0.4375, 0.4375, 0.453125, 0.546875, 0.453125, 0.53125, 0.546875, 0.484375, 0.515625, 0.515625, 0.359375, 0.46875, 0.5625, 0.46875, 0.421875, 0.46875, 0.625, 0.4375, 0.46875, 0.421875, 0.4375, 0.53125, 0.390625, 0.546875], "2": [0.90625, 0.9375, 0.953125, 0.921875, 0.953125, 0.90625, 0.875]}