{"0": [0.96875], "1": [0.5625, 0.46875, 0.5, 0.4609375, 0.53125, 0.421875, 0.59375, 0.390625, 0.4765625, 0.4296875, 0.4765625, 0.5078125, 0.453125, 0.5078125, 0.5078125, 0.4296875, 0.34375, 0.5234375, 0.5, 0.453125, 0.46875, 0.5078125], "2": [0.90625, 0.9296875, 0.9296875]}