{"1": {"fpr": [0.2374064837905237], "tpr": [0.7915287888815354]}, "2": {"fpr": [0.44773790951638065], "tpr": [0.9068100358422939]}, "4": {"fpr": [0.4117647058823529], "tpr": [0.9646892655367232]}, "8": {"fpr": [0.5454545454545454], "tpr": [0.9817708333333334]}, "16": {"fpr": [0.8787878787878788], "tpr": [1.0]}, "32": {"fpr": [0.9444444444444444], "tpr": [1.0]}, "64": {"fpr": [1.0], "tpr": [1.0]}, "128": {"fpr": [1.0], "tpr": [1.0]}}