{"0": [0.42483794689178467, 0.002046129899099469, 0.006401489954441786, 0.005901798605918884, 0.02976853772997856, 0.009520011022686958, 0.006571747362613678, 0.007175050210207701, 0.017780834808945656, 0.01933152601122856, 0.0007649704348295927, 0.0011706816731020808, 0.02217060700058937, 0.467549204826355, 0.058950796723365784, 0.002394572366029024, 0.0024869609624147415, 0.011333429254591465, 0.03130261227488518, 0.07338643074035645, 0.011911162175238132, 0.1270921677350998, 0.1220918595790863, 0.06661100685596466, 0.659565269947052], "1": [0.5191850066184998, 2.442239761352539, 0.32704511284828186, 0.8071878552436829, 0.023578021675348282, 0.8787871599197388, 1.395926594734192, 0.8286646008491516, 0.1771279126405716, 1.4542827606201172, 0.05748087912797928, 2.329038143157959, 1.818490982055664, 2.152040719985962, 0.7682296633720398, 2.031641960144043, 1.889756441116333, 1.5432648658752441, 1.8988919258117676, 0.08958052098751068, 0.5186468958854675, 0.9641706347465515, 2.3297784328460693, 0.8056581616401672, 1.896784782409668, 2.372175693511963, 0.002779486356303096, 1.4104688167572021, 0.03384942561388016, 1.8530941009521484, 0.04126928746700287, 2.39154314994812, 0.6214428544044495, 2.14650821685791, 1.81748628616333, 2.226623058319092, 0.006829394027590752, 2.752037763595581, 0.051424890756607056, 2.2909133434295654, 2.0804436206817627, 2.2647650241851807, 0.8073859214782715, 2.0499062538146973, 2.442591428756714, 0.25144070386886597, 1.1529275178909302, 1.4935630559921265, 0.0033186115324497223, 0.0713653638958931, 1.0977199077606201, 1.0094363689422607, 1.1905624866485596, 1.071394681930542, 1.323907732963562, 0.950369119644165, 2.113158702850342, 0.16822068393230438, 2.439847946166992, 0.928179144859314, 2.3759875297546387, 0.03146904334425926, 2.4369618892669678, 1.8029155731201172, 0.6176409721374512, 1.1520278453826904, 0.06376586854457855, 1.3900808095932007, 2.2415575981140137, 1.091203212738037, 0.8082253932952881, 1.1627150774002075, 0.6848683953285217, 1.3186490535736084, 0.031436651945114136, 0.6588618755340576, 0.5513848066329956, 2.8440089225769043, 2.0621337890625, 2.054060935974121, 1.6214872598648071, 0.8099811673164368, 0.6879408359527588, 1.3559503555297852, 0.13918016850948334, 1.0719950199127197, 0.22016015648841858, 1.1798630952835083, 1.0303071737289429, 0.7340713143348694, 0.9365637898445129, 0.15737085044384003, 1.4418784379959106, 0.10342971980571747, 0.761853039264679, 2.157148838043213, 2.683816432952881, 1.6996222734451294, 2.0361173152923584, 0.1381993293762207, 1.011549472808838, 1.3136271238327026, 1.1965450048446655, 1.8283034563064575, 2.8551828861236572, 0.47194817662239075, 0.26444751024246216, 0.09369634091854095, 1.9990007877349854, 2.36848783493042, 1.235363245010376, 1.1431165933609009, 1.647499442100525, 1.013013482093811, 1.4663835763931274, 0.2223988026380539, 2.318707227706909, 1.1675347089767456, 0.6846705079078674, 2.194901704788208, 1.7399123907089233, 0.32968977093696594, 2.8487548828125, 2.5658462047576904, 0.032100699841976166, 2.397042751312256, 1.47121262550354, 0.7600303292274475, 0.7951175570487976, 1.0217065811157227, 0.43626174330711365, 0.541103720664978, 0.6930383443832397, 1.4202860593795776, 1.2639113664627075, 1.8931453227996826, 2.3328464031219482, 2.291966676712036, 0.38163846731185913, 0.08954283595085144, 2.3925728797912598, 2.2015397548675537, 1.8588720560073853, 2.8707733154296875, 0.9271867871284485, 0.9041311740875244, 0.5016581416130066, 1.9710901975631714, 1.0539494752883911, 2.2312138080596924, 0.7515577673912048, 1.6334205865859985, 2.6569089889526367, 0.8957797884941101, 1.2407872676849365, 0.01965162716805935, 1.6109540462493896, 1.5538949966430664, 0.3488548994064331, 0.9727282524108887, 0.9155830144882202, 1.7346770763397217, 2.346938371658325, 1.6524758338928223, 2.4464311599731445, 0.9800993800163269, 1.368039608001709, 0.16408655047416687, 0.9147918820381165, 0.025166179984807968, 1.4864327907562256, 0.08447353541851044, 1.947425365447998, 1.914445161819458, 2.7834391593933105, 0.5417541861534119, 1.0972900390625, 1.1336159706115723, 1.346043586730957, 2.2700514793395996, 2.9607653617858887, 2.1937668323516846, 1.8899706602096558, 0.0633268803358078, 1.9328291416168213, 1.607352375984192, 1.5242727994918823, 0.02317064069211483, 0.05381704494357109, 1.2637746334075928, 2.424971580505371, 0.1863800585269928, 2.5303831100463867, 1.809760332107544, 0.01736557111144066, 2.03598952293396, 0.9050953388214111, 0.6575769186019897, 0.11181066185235977, 0.043473608791828156, 1.6541261672973633, 1.3886523246765137, 1.6673997640609741, 0.5197277069091797, 1.6397451162338257, 1.3604105710983276, 1.1062095165252686, 0.4414232075214386, 0.20581531524658203, 0.8078420758247375, 0.09182005375623703, 2.709228038787842, 0.8351134061813354, 1.8698257207870483, 0.012412234209477901, 0.7168272733688354, 0.04196842014789581, 1.1041405200958252, 1.3801931142807007, 0.5662952661514282, 1.6208094358444214, 0.374290406703949, 2.663120746612549, 2.1688072681427, 2.016951322555542, 0.17743270099163055, 0.6953000426292419, 2.022134780883789, 0.09873706847429276, 2.415637969970703, 0.5834391117095947, 1.4293007850646973, 2.4308886528015137, 0.1296186000108719, 1.7465605735778809, 1.332423210144043, 2.5326523780822754, 1.6299517154693604, 1.3747494220733643, 1.2682234048843384, 1.3302645683288574, 2.547724485397339, 2.2809877395629883, 0.33162108063697815, 1.2111505270004272, 2.011937379837036, 0.3857862651348114, 1.0658061504364014, 2.244205951690674, 1.6457722187042236, 0.17310775816440582, 1.575508952140808, 0.1822257786989212, 1.934201717376709, 2.442917823791504, 2.4142537117004395, 1.3317946195602417, 1.3207899332046509, 2.0043141841888428, 0.5279842615127563, 0.429289847612381, 0.25035664439201355, 0.26926296949386597, 2.157148838043213, 0.03544318303465843, 0.08438164740800858, 1.2083079814910889, 0.4052461087703705, 0.5453101396560669, 0.4397580623626709, 1.6187491416931152, 0.24792978167533875, 1.78031587600708, 0.8745969533920288, 2.147465705871582, 2.1994917392730713, 0.42808547616004944, 1.000686764717102, 0.78355473279953, 2.02970290184021, 2.713634967803955, 2.14650821685791, 0.678325891494751, 1.7724275588989258, 0.5005423426628113, 2.085308790206909, 0.9026785492897034, 0.01539552304893732, 2.495418071746826, 1.9240307807922363, 1.5943635702133179, 0.8740837574005127, 0.5113542079925537, 1.6094499826431274, 1.9803475141525269, 1.4102377891540527, 2.266387701034546, 2.0463671684265137, 0.7995080947875977, 0.5789476037025452, 2.0743916034698486, 0.07544532418251038, 2.124582052230835, 2.499990463256836, 0.023172151297330856, 0.7752587795257568, 1.892440676689148, 0.4862181544303894, 1.4605714082717896, 2.308769941329956, 1.467932105064392, 0.42751121520996094, 1.3072363138198853, 2.3478546142578125, 1.8937392234802246, 0.9766656160354614, 1.8029155731201172, 1.9496279954910278, 0.537729799747467, 0.1062663272023201, 0.32082927227020264, 1.007702112197876, 0.011973651126027107, 2.076732873916626, 2.3281733989715576, 1.8043556213378906, 2.282923936843872, 1.1442115306854248, 0.6004123091697693, 0.720593273639679, 0.04585210606455803, 0.9272578954696655, 1.8028966188430786, 1.1513534784317017, 0.5550190210342407, 1.9151784181594849, 1.2740776538848877, 1.568932056427002, 1.7073349952697754, 1.8838622570037842, 0.6562616229057312, 2.084855318069458, 0.4233873188495636, 1.0384238958358765, 2.3758156299591064, 0.3432821035385132, 2.394826889038086, 1.574523687362671, 1.6649608612060547, 0.1590854525566101, 0.012391574680805206, 2.6247849464416504],