{"0": [0.23148523271083832, 0.013317527249455452, 0.0023461293894797564, 0.011996989138424397, 0.03256233036518097, 0.03130261227488518], "1": [0.009577358141541481, 2.0621337890625, 2.121711492538452, 0.35070475935935974, 1.6299517154693604, 1.0195688009262085, 2.442239761352539, 1.789879322052002, 1.1321029663085938, 1.0811433792114258, 1.5187311172485352, 1.9910845756530762, 0.3332589566707611, 1.417486310005188, 1.07844877243042, 1.520490288734436, 0.6851632595062256, 0.4429425299167633, 1.108264446258545, 1.6457722187042236, 2.1908278465270996, 2.672173500061035, 1.4640958309173584, 0.33808282017707825, 0.03581514209508896, 0.04775141552090645, 1.7378854751586914, 2.698914051055908, 1.2798516750335693, 2.0701053142547607, 1.1862156391143799, 1.3261656761169434, 0.8236082196235657, 0.1329408586025238, 0.7378447651863098, 0.041483256965875626, 0.25901129841804504, 1.1583613157272339, 0.09180838614702225, 0.4414232075214386, 2.590580940246582, 1.3632252216339111, 1.1882634162902832, 0.9041311740875244, 1.5850579738616943, 1.4376857280731201, 0.5197277069091797, 0.8218633532524109, 0.21522341668605804, 1.96242094039917, 1.8449007272720337, 1.276436686515808, 1.9240307807922363, 1.5778706073760986, 1.497969388961792, 2.010559320449829, 0.5550190210342407, 2.635474681854248, 0.06879286468029022, 1.5057978630065918, 2.02970290184021, 0.6462860703468323, 2.2012383937835693, 2.657092332839966, 1.5283421277999878, 0.5170993804931641, 1.077300786972046, 1.3070402145385742, 0.41111961007118225, 1.028365969657898, 0.840190589427948, 0.012147272936999798, 2.350508689880371, 2.0270819664001465, 0.579742431640625, 1.818490982055664, 0.2191992700099945, 2.1565492153167725, 0.025879375636577606, 1.9342832565307617, 2.376552104949951, 1.4066261053085327, 2.0804436206817627, 0.47734877467155457, 1.8029155731201172, 0.6076574921607971, 1.9643771648406982, 2.056142568588257], "2": [0.072777159512043, 0.051620665937662125, 0.1407899558544159, 0.018663153052330017, 0.012661492452025414, 0.29308125376701355, 0.006017299368977547, 0.006289627868682146, 0.009940204210579395, 0.001290986780077219, 0.014175879769027233, 0.008609810844063759, 0.0019344602478668094, 0.1112913265824318, 0.002656877739354968]}