{"0": [0.0222738366574049], "1": [0.45040369033813477, 1.5059024095535278, 0.9264386892318726, 0.02657073177397251, 2.3248493671417236, 0.6953000426292419, 0.37649717926979065, 1.042317271232605, 0.024771280586719513, 0.32081303000450134, 1.1741917133331299, 1.312492847442627, 1.81748628616333, 0.5113542079925537, 2.713634967803955, 2.195472478866577, 0.35117700695991516, 0.885060727596283, 1.6665408611297607, 1.9804461002349854, 1.3021644353866577, 2.794466257095337], "2": [0.0016224835999310017, 0.004498284310102463, 0.011031370609998703]}