{"0": [0.002746372250840068, 0.006673539523035288, 0.2704782485961914], "1": [2.160801410675049, 0.051375970244407654, 0.012412234209477901, 1.2021960020065308, 2.4761970043182373, 1.3104331493377686, 2.022134780883789, 1.0977199077606201, 0.2223988026380539, 2.412346601486206, 2.2700514793395996, 1.6694530248641968, 1.2637746334075928, 1.3268996477127075, 0.10787838697433472, 1.0988681316375732, 0.2573430836200714, 2.4369618892669678, 1.237270474433899, 2.664531946182251, 2.551670551300049, 1.6562117338180542, 0.8925178050994873, 0.3332589566707611, 0.14747481048107147, 0.6129363179206848, 0.15266691148281097, 1.1605708599090576, 1.013013482093811, 1.3604105710983276, 2.5762555599212646, 1.093214750289917, 2.3759875297546387, 1.077300786972046, 1.6312466859817505, 1.4277759790420532, 1.279906988143921, 0.21857446432113647, 2.3925728797912598, 1.3237173557281494, 1.7103153467178345, 0.8903779983520508, 1.2222657203674316, 0.6147367358207703], "2": [0.558918297290802, 0.26476073265075684, 0.0595756359398365, 0.01798749342560768, 0.04428420960903168, 0.021696411073207855, 0.05531349778175354]}