{"0": [0.09943383932113647, 0.0036458508111536503, 1.7907536029815674, 0.2120477706193924, 0.08263330906629562, 0.005255051422864199, 0.045045506209135056, 0.3520521819591522, 0.03256233036518097, 0.19701918959617615, 0.02570805884897709, 0.005901798605918884], "1": [0.15572234988212585, 1.7465605735778809, 1.0811433792114258, 0.06613046675920486, 1.2244772911071777, 2.228060483932495, 0.9083699584007263, 0.9552436470985413, 0.07852143794298172, 2.3642349243164062, 1.5074344873428345, 1.6604987382888794, 2.8843090534210205, 1.1692166328430176, 2.664531946182251, 1.1527807712554932, 2.4357972145080566, 0.0446193665266037, 0.6944652199745178, 2.3903419971466064, 0.5911946296691895, 2.3862593173980713, 0.016455646604299545, 1.4236644506454468, 0.8899509310722351, 0.7509293556213379, 2.0606610774993896, 1.2846877574920654, 1.3862242698669434, 0.6129363179206848, 1.1798630952835083, 1.4281961917877197, 0.402265727519989, 0.1749468445777893, 2.3393149375915527, 1.8953262567520142, 0.313557505607605, 0.4414232075214386, 1.7658686637878418, 2.4264750480651855, 2.246077537536621, 2.4914748668670654, 0.152457132935524, 1.0695159435272217, 2.663120746612549, 1.6748297214508057, 1.6419709920883179, 2.1272547245025635, 0.8255513906478882, 1.710424542427063, 1.395926594734192, 0.04379795864224434, 0.051505349576473236, 1.1583613157272339, 0.37741830945014954, 0.840190589427948, 0.9264386892318726, 1.373091459274292, 1.7087546586990356, 1.488619327545166, 1.5104594230651855, 0.8484476208686829, 0.4476355314254761, 1.8931453227996826, 1.5342018604278564, 1.8029155731201172, 3.0127758979797363, 0.011085367761552334, 2.1057422161102295, 0.7362884283065796, 0.12377326935529709, 0.5453101396560669, 0.02791052684187889, 2.076051950454712, 1.520490288734436, 0.688176155090332, 0.03395899012684822, 0.695496141910553, 0.338336318731308, 1.1631622314453125, 1.3987151384353638, 1.2792460918426514, 0.1493043452501297, 1.6094499826431274, 2.3800926208496094, 2.1604504585266113, 2.1086435317993164, 2.121711492538452, 2.2636184692382812, 0.9986737966537476, 1.3962198495864868, 0.2109045535326004, 0.7896008491516113, 1.297627329826355, 2.7575228214263916, 0.021776197478175163, 0.835193932056427, 0.32982149720191956, 1.3268996477127075, 1.2319598197937012, 1.1494613885879517, 0.6007896065711975, 1.112813949584961, 0.4911853075027466, 0.021242700517177582, 0.12432876229286194, 2.017244338989258, 2.745499610900879, 0.3788815438747406, 1.4403520822525024, 0.9424900412559509, 0.6001806259155273, 2.3925728797912598, 0.7962163686752319, 2.5905539989471436, 0.11059341579675674, 0.8306153416633606, 1.2157137393951416, 1.9104390144348145, 2.0569980144500732, 0.21893557906150818, 1.077300786972046, 1.895863652229309, 2.1937668323516846, 0.8353152871131897, 1.0719950199127197, 1.007702112197876, 2.050645351409912, 2.709228038787842, 0.01030871644616127, 1.5996381044387817, 2.8081603050231934, 0.2731185853481293, 1.0382276773452759, 1.5052458047866821, 0.6248906254768372, 0.999928891658783, 1.9971503019332886, 0.3764077425003052, 0.7292672395706177, 1.544069528579712, 0.2829049825668335, 0.23150646686553955, 0.18394792079925537, 1.246944546699524, 2.2312138080596924, 0.1850632131099701, 1.7312946319580078, 2.194901704788208, 0.7307471632957458, 1.5778706073760986, 1.2687687873840332, 0.42178472876548767, 1.4197678565979004, 2.1908278465270996, 2.20601749420166, 0.4863760769367218, 1.4251774549484253, 2.841521978378296, 1.9056140184402466, 1.7312849760055542, 0.16738907992839813, 1.7577197551727295, 0.3850470185279846, 1.8028966188430786, 0.04467559978365898, 1.5763163566589355, 0.12147828191518784, 1.4761642217636108, 0.17809420824050903, 1.7772185802459717, 1.1432709693908691, 0.4303800165653229, 1.6299517154693604, 2.154090642929077, 1.8332854509353638], "2": [0.0021863693837076426, 0.10602181404829025, 1.0665998458862305, 0.5411750078201294, 0.060726139694452286, 1.1379033327102661, 0.8051956295967102, 0.9091125130653381, 1.0349903106689453, 0.07278434187173843, 0.0032864068634808064, 0.10393954813480377, 0.029149595648050308, 0.006017299368977547, 0.00867896992713213, 0.0595756359398365, 0.005933445878326893, 0.25138455629348755, 0.5576936602592468, 1.5314582586288452, 0.8703858256340027, 0.1407899558544159, 0.04178239405155182, 0.11154335737228394, 1.3482511043548584, 0.20025070011615753, 0.03924362733960152, 0.050066057592630386, 0.012078790925443172, 0.36835116147994995, 0.029316648840904236]}