{"0": [0.028938185423612595, 0.006571747362613678, 0.0007214351207949221, 0.006401489954441786, 0.009301298297941685, 0.023253826424479485, 0.6749423146247864, 0.24758079648017883, 0.7235516309738159, 0.018710847944021225, 0.0712648257613182, 0.34060099720954895, 0.03073873743414879, 0.0033704936504364014, 0.8273892402648926, 0.005901798605918884, 0.25340142846107483, 0.045045506209135056, 0.42483794689178467, 0.02729058638215065, 0.009393097832798958, 0.0070007736794650555, 0.0027978383004665375, 0.002746372250840068, 0.07425670325756073, 0.7093256711959839, 0.0007649704348295927, 0.009520011022686958, 0.03256233036518097, 1.0605684518814087, 0.6534852385520935, 0.2705497145652771, 0.0035406057722866535, 0.0018697925843298435, 0.002046129899099469, 0.08263330906629562, 0.007878242060542107, 0.00766520481556654, 0.011868166737258434, 0.1070777177810669, 0.016066232696175575, 0.004312686622142792, 0.0039167143404483795, 0.011358480900526047, 0.0011706816731020808, 0.039160192012786865, 0.01198221929371357, 0.028899913653731346, 0.04456193745136261, 0.06887491047382355], "1": [1.435546636581421, 0.09182005375623703, 0.42748671770095825, 1.075883150100708, 0.3542473614215851, 0.7803264260292053, 0.9666363000869751, 1.5085502862930298, 2.0399248600006104, 1.6019668579101562, 0.872387707233429, 0.025930091738700867, 2.415637969970703, 0.7151268720626831, 2.1471314430236816, 0.870154857635498, 0.20863567292690277, 0.06654112786054611, 2.529214859008789, 0.6230164170265198, 2.2636184692382812, 0.505692720413208, 0.025263642892241478, 0.24792978167533875, 2.9607653617858887, 0.17743270099163055, 0.745880126953125, 0.7984335422515869, 0.051375970244407654, 0.00023007596610113978, 0.2863750457763672, 0.7622370719909668, 1.9857956171035767, 1.099722981452942, 1.9451438188552856, 1.8366854190826416, 2.0399415493011475, 1.1412755250930786, 0.37143442034721375, 1.3207899332046509, 0.16738907992839813, 1.9628921747207642, 1.2637746334075928, 2.221917152404785, 0.025230340659618378, 2.291966676712036, 0.13918016850948334, 1.5675100088119507, 1.4752652645111084, 1.8029155731201172, 0.5017797946929932, 2.467104434967041, 2.150632381439209, 2.6614692211151123, 1.1529275178909302, 2.3851001262664795, 1.889756441116333, 1.934722661972046, 0.4139193296432495, 1.7050206661224365, 0.015576887875795364, 2.077369451522827, 2.448779344558716, 0.061435915529727936, 1.1807218790054321, 1.5611802339553833, 2.411252737045288, 1.7188794612884521, 0.19102059304714203, 0.32844194769859314, 0.01539552304893732, 1.1200456619262695, 1.850346565246582, 0.4426436722278595, 1.8041651248931885, 2.5144295692443848, 1.4263052940368652, 0.199530228972435, 2.995828628540039, 2.3297784328460693, 1.519517183303833, 1.7772185802459717, 2.3237452507019043, 1.1504788398742676, 1.5807691812515259, 2.133450984954834, 1.346043586730957, 1.1253376007080078, 2.1858863830566406, 0.43490439653396606, 1.6524133682250977, 0.37649717926979065, 1.938413143157959, 0.047435030341148376, 1.3747494220733643, 2.7112159729003906, 2.141629457473755, 1.9677882194519043, 1.8207125663757324, 1.0217065811157227, 0.12025109678506851, 0.006602800451219082, 0.37741830945014954, 2.333001136779785, 2.745499610900879, 1.1432709693908691, 2.6188690662384033, 2.5832431316375732, 2.5175437927246094, 0.008943863213062286, 1.3240848779678345, 2.0361173152923584, 0.6754460334777832, 0.51643306016922, 1.6562117338180542, 1.6200543642044067, 1.2658737897872925, 1.1631622314453125, 1.9402408599853516, 1.07844877243042, 0.6735782027244568, 0.7829576730728149, 1.0384238958358765, 1.4313348531723022, 1.257835030555725, 2.8268027305603027, 2.453989028930664, 1.583943486213684, 1.9971503019332886, 1.896784782409668, 1.9634429216384888, 1.8973352909088135, 0.40567079186439514, 1.3991705179214478, 1.1174949407577515, 0.8060009479522705, 0.03244851157069206, 1.2198970317840576, 0.3193165063858032, 1.7706533670425415, 1.540686845779419, 2.5604870319366455, 0.5129215121269226, 2.4927966594696045, 0.3976506292819977, 1.3632252216339111, 0.023578021675348282, 1.6419709920883179, 0.9739954471588135, 0.01443294994533062, 2.495418071746826, 1.2637746334075928, 2.036653995513916, 1.1143463850021362, 0.6048927903175354, 0.22803601622581482, 1.6541261672973633, 0.2819772958755493, 2.6698474884033203, 2.2865166664123535, 2.346938371658325, 0.8457366228103638, 2.384099245071411, 2.195472478866577, 1.9496279954910278, 0.7962163686752319, 0.4953763782978058, 0.05381704494357109, 0.8536292314529419, 0.5895426273345947, 0.32082927227020264, 1.044966220855713, 0.03421790152788162, 0.4310656785964966, 2.154090642929077, 1.6069928407669067, 0.7951175570487976, 1.4985450506210327, 1.6954712867736816, 0.12736260890960693, 2.113158702850342, 0.47194817662239075, 0.913749098777771, 0.5428839325904846, 1.5059024095535278, 0.1461879163980484, 0.374290406703949, 0.09072378277778625, 2.442591428756714, 2.3345680236816406, 0.07178009301424026, 2.011929988861084, 2.2151753902435303, 0.03384942561388016, 2.5980069637298584, 1.947933316230774, 0.8630743026733398, 1.6422724723815918, 0.027385074645280838, 0.2453736960887909, 1.617669701576233, 1.450073003768921, 1.9990007877349854, 0.06376586854457855, 1.388366460800171, 1.0988681316375732, 0.9880170226097107, 2.036653995513916, 2.752037763595581, 1.279906988143921, 0.5426643490791321, 1.2837328910827637, 1.0808742046356201, 0.7769191265106201, 1.1665767431259155, 1.6725540161132812, 1.983083963394165, 0.5429998636245728, 0.8236082196235657, 0.4510663151741028, 0.5413013696670532, 0.32982149720191956, 1.4202860593795776, 1.2672418355941772, 2.3248493671417236, 1.7742959260940552, 1.3970836400985718, 2.188755989074707, 2.226623058319092, 0.03146904334425926, 1.8071739673614502, 0.7682296633720398, 2.394826889038086, 2.790694236755371, 1.3186490535736084, 2.571610689163208, 0.8509140014648438, 1.7904413938522339, 0.701952338218689, 2.1565492153167725, 2.3128414154052734, 2.154010057449341, 0.21919280290603638, 1.710424542427063, 0.13685965538024902, 1.2660682201385498, 0.6291465759277344, 0.1885310709476471, 1.0261878967285156, 0.7499547004699707, 1.312492847442627, 0.338084876537323, 0.6869728565216064, 1.000686764717102, 2.0804436206817627, 1.5887572765350342, 1.84147047996521, 2.1518380641937256, 0.4920106828212738, 1.934722661972046, 2.502814292907715, 1.2085413932800293, 0.1305702030658722, 2.2312138080596924, 1.8280428647994995, 1.4155930280685425, 1.1605708599090576, 1.871857762336731, 0.7092446088790894, 0.02791052684187889, 2.309296131134033, 0.8620277643203735, 0.17080458998680115, 0.8925178050994873, 1.2407872676849365, 2.5497260093688965, 0.0798739641904831, 1.3308050632476807, 0.25035664439201355, 2.2263715267181396, 0.4310656785964966, 2.272606134414673, 0.8484476208686829, 0.11372779309749603, 1.96242094039917, 1.0977704524993896, 0.5513848066329956, 1.5010126829147339, 0.43891406059265137, 0.26170673966407776, 1.0946341753005981, 0.3857862651348114, 1.9164304733276367, 0.5482056736946106, 0.6004123091697693, 2.259417772293091, 0.3564044237136841, 2.672173500061035, 0.5417541861534119, 0.20830529928207397, 1.5657185316085815, 2.0621337890625, 2.148498058319092, 1.8029155731201172, 0.09862063080072403, 1.2361799478530884, 1.3826191425323486, 1.387644648551941, 0.8470686078071594, 2.8970518112182617, 1.0719950199127197, 1.093214750289917, 0.5911949872970581, 1.2740776538848877, 0.14035718142986298, 1.7312946319580078, 1.6690016984939575, 1.2408473491668701, 0.32054218649864197, 0.1296186000108719, 2.663928985595703, 1.911104679107666, 2.86008882522583, 2.6039421558380127, 0.4854838252067566, 0.6799420714378357, 1.692989706993103, 1.9341462850570679, 1.6396701335906982, 0.356222540140152, 0.3761409521102905, 1.9125958681106567, 0.5002210736274719, 1.8337604999542236, 1.2975704669952393, 1.985205054283142, 1.060997486114502, 1.8414888381958008, 0.6948646306991577, 1.3806959390640259, 1.54954993724823, 2.2015397548675537, 1.1839524507522583, 0.051499005407094955, 0.179764986038208, 2.204900026321411, 