{"1": 125.43088249400009, "2": 137.31960213399967, "4": 149.04420251400103, "8": 147.703755989, "16": 155.0096127879998, "32": 170.36664793399973, "64": 176.76004629099896, "128": 191.40204935899988}